{
  "course": "T-201-GSKI, Gagnaskipan, 2018-1", 
  "parts": [
    {
      "text": "<p>You have access to an implementation of a list that stores characters and offers the following operations:</p>\n\n<p>list.append(char c) (adds at the back, far right, of the list)<br />\nlist.insert(char c, int i) (adds an item into the list at&nbsp;index i)<br />\nlist.remove(int i) (removes an item at index i)<br />\nlist.displayList() (prints the list to the screen)</p>\n\n<p><strong>Look at the order of operations and&nbsp;choose the correct output in each case.</strong></p>\n\n<p>&THORN;&uacute; hefur a&eth;gang a&eth; lista sem geymir stafi (character) og b&yacute;&eth;ur upp &aacute; eftirfarandi a&eth;ger&eth;ir:</p>\n\n<p>list.append(char c) (b&aelig;tir aftast, lengst til h&aelig;gri, &aacute; listann)<br />\nlist.insert(char c, int i) (b&aelig;tir inn &iacute; sv&aelig;&eth;i &aacute; index i)<br />\nlist.remove(int i) (fjarl&aelig;gir stak &aacute; index i)<br />\nlist.displayList() (skrifar listann &uacute;t &aacute; skj&aacute;)</p>\n\n<p><strong>Sko&eth;i&eth; a&eth;ger&eth;ar&ouml;&eth;ina &iacute; hverju d&aelig;mi og merki&eth; vi&eth; r&eacute;tt &uacute;ttak.</strong></p>\n", 
      "id": "9fa54646-0ef7-4295-8d35-3cf364f1b976", 
      "questions": [
        {
          "weight": "3", 
          "text": "<p>list.append(a);<br />\nlist.append(b);<br />\nlist.append(c);<br />\nlist.append(d);<br />\nlist.insert(e, 0);<br />\nlist.insert(f, 0);<br />\nlist.insert(g, 0);<br />\nlist.insert(h, 0);</p>\n\n<p>list.displayList();</p>\n", 
          "choices": [
            {
              "text": "a b c d e f g h", 
              "selected": false, 
              "id": "76132611-93a0-4b03-9664-7f0ad6062750"
            }, 
            {
              "text": "e f g h a b c d", 
              "selected": false, 
              "id": "e4c18bda-c5a9-4250-b906-5cbb56c2e121"
            }, 
            {
              "text": "h g f e a b c d", 
              "selected": false, 
              "id": "d6fb0b21-753d-46eb-a72f-386835c9a464"
            }, 
            {
              "text": "a h g f e b c d", 
              "selected": false, 
              "id": "4cdfc5af-ccd4-4683-8fbe-b737b8eed763"
            }
          ], 
          "label": "", 
          "type": "single_choice", 
          "id": "9123a3f9-63d9-45f3-a775-8e84137d38af"
        }, 
        {
          "weight": "3", 
          "text": "<p>list.append(a);<br />\nlist.insert(b, 1);<br />\nlist.append(c);<br />\nlist.insert(d, 2);<br />\nlist.append(e);<br />\nlist.insert(f, 3);<br />\nlist.append(g);<br />\nlist.insert(h, 4);</p>\n\n<p>list.displayList();</p>\n", 
          "choices": [
            {
              "text": "a b c d e f g h", 
              "selected": false, 
              "id": "32ec39c4-3bb4-460e-bfa1-2b189a0e7e5f"
            }, 
            {
              "text": "b d f h a c e g ", 
              "selected": false, 
              "id": "ded01759-2c48-4f89-8d03-723e5235fd11"
            }, 
            {
              "text": "a b f h d c e g", 
              "selected": false, 
              "id": "c599c97f-299a-4b97-aab4-36afec22bd41"
            }, 
            {
              "text": "a b d f h c e g", 
              "selected": false, 
              "id": "5f778f3f-39e8-4a1f-9545-2a817471258f"
            }
          ], 
          "label": "", 
          "type": "single_choice", 
          "id": "cedaa89c-3c98-4e65-8261-ecaf427ac1f8"
        }, 
        {
          "weight": "3", 
          "text": "<p>list.append(a);<br />\nlist.append(b);<br />\nlist.append(c);<br />\nlist.remove(0);<br />\nlist.append(d);<br />\nlist.append(e);<br />\nlist.remove(0);<br />\nlist.append(f);<br />\nlist.append(g);<br />\nlist.append(h);</p>\n\n<p>list.displayList();</p>\n", 
          "choices": [
            {
              "text": "a c e f g h", 
              "selected": false, 
              "id": "1527a718-b412-4007-a7c6-26ff1199716e"
            }, 
            {
              "text": "c d e f g h", 
              "selected": false, 
              "id": "59719d87-6c51-474c-8cb6-209c4f4a2a9b"
            }, 
            {
              "text": "a b d f g h", 
              "selected": false, 
              "id": "29fa8d2b-2204-48a6-9f55-e03251990a40"
            }, 
            {
              "text": "a d e f g h", 
              "selected": false, 
              "id": "81a1c02a-7128-45c8-af0c-89f6f7ccbe2c"
            }
          ], 
          "label": "", 
          "type": "single_choice", 
          "id": "d942f5d2-26bf-451a-a609-3ca383b946db"
        }, 
        {
          "weight": "3", 
          "text": "<p>list.append(a);<br />\nlist.append(b);<br />\nlist.append(c);<br />\nlist.remove(2);<br />\nlist.append(d);<br />\nlist.append(e);<br />\nlist.remove(3);<br />\nlist.insert(f, 3);<br />\nlist.insert(g, 4);<br />\nlist.insert(h, 5);</p>\n\n<p>list.displayList();</p>\n", 
          "choices": [
            {
              "text": "a b d f g h", 
              "selected": false, 
              "id": "b7c1eafc-de2f-4af5-b5ab-8731bbdef821"
            }, 
            {
              "text": "a b d h g f", 
              "selected": false, 
              "id": "4c299159-fd18-4e06-adb2-f3d3faeb9312"
            }, 
            {
              "text": "a b f g h d", 
              "selected": false, 
              "id": "ad162a93-e46b-4660-b48d-01efd1d22ef1"
            }, 
            {
              "text": "a c f g h e", 
              "selected": false, 
              "id": "5dee6d32-977a-4114-8e58-3ac25be804b1"
            }
          ], 
          "label": "", 
          "type": "single_choice", 
          "id": "025628a9-b1c0-4ed8-8a31-673e2df01d27"
        }
      ], 
      "name": "Lists and Arrays"
    }, 
    {
      "text": "<p>You have access to an implementation of a linked list.<br />\nIt implements the following functions:<br />\n<em>headInsert(value)</em>&nbsp;- adds the value to the <strong><em>front</em> </strong>of the list<br />\n<em>tailInsert(value)</em> - adds the value to the <strong><em>back</em></strong> of the list<br />\n<em>headRemove()</em> - removes and returns the value from the <strong><em>front</em></strong> of the list</p>\n\n<p>You need to use this functionality to implement both a stack and a queue.<br />\n<br />\n&THORN;&uacute; f&aelig;r&eth; gefna &uacute;tf&aelig;rslu &aacute; tengdum lista.<br />\nEftirfarandi f&ouml;ll eru &uacute;tf&aelig;r&eth;:<br />\n<em>headInsert(value)</em>&nbsp;- b&aelig;tir staki <em><strong>framan</strong> </em>&aacute; listann<br />\n<em>tailInsert(value)</em> - b&aelig;tir staki <strong><em>aftan</em> </strong>&aacute; listann<br />\n<em>headRemove()</em> - fjarl&aelig;gir og skilar stakinu <strong><em>fremst</em> </strong>af listanum</p>\n\n<p>&THORN;&uacute; &thorn;arft a&eth; nota &thorn;essa virkni til a&eth; &uacute;tf&aelig;ra b&aelig;&eth;i stafla og bi&eth;r&ouml;&eth;.</p>\n", 
      "id": "acee063a-da34-4389-86d0-46d4fe7276e0", 
      "questions": [
        {
          "weight": "3", 
          "text": "<p>Which functionality would you use to implement the operation Queue::add()?</p>\n\n<p>Hva&eth;a virkni myndir &thorn;&uacute; nota til a&eth; &uacute;tf&aelig;ra a&eth;ger&eth;ina Queue::add()?</p>\n", 
          "choices": [
            {
              "text": "headInsert()", 
              "selected": false, 
              "id": "a63d1e4b-9b65-4ca6-bfcd-110b29430b73"
            }, 
            {
              "text": "tailInsert()", 
              "selected": false, 
              "id": "a5391afb-ab3e-4612-af5f-a70617489f30"
            }, 
            {
              "text": "headRemove()", 
              "selected": false, 
              "id": "5beb8316-e438-47ae-945a-74a44bdce536"
            }
          ], 
          "label": "", 
          "type": "single_choice", 
          "id": "5b55a124-8098-44c1-8a24-ef6754a8f1ad"
        }, 
        {
          "weight": "3", 
          "text": "<p>Which functionality would you use to implement the operation Queue::remove()?</p>\n\n<p>Hva&eth;a virkni myndir &thorn;&uacute; nota til a&eth; &uacute;tf&aelig;ra a&eth;ger&eth;ina Queue::remove()?</p>\n", 
          "choices": [
            {
              "text": "headInsert()", 
              "selected": false, 
              "id": "cdd67d03-10e3-45d6-825c-a95ac30acada"
            }, 
            {
              "text": "tailInsert()", 
              "selected": false, 
              "id": "dc8f4811-c934-4b54-8b80-39ee676aef03"
            }, 
            {
              "text": "headRemove()", 
              "selected": false, 
              "id": "95bc7c78-8f22-4416-b309-7580591cc18d"
            }
          ], 
          "label": "", 
          "type": "single_choice", 
          "id": "85bb4757-c0a6-4fd7-899c-24114047dc98"
        }, 
        {
          "weight": "3", 
          "text": "<p>Which functionality would you use to implement the operation Stack::push()?</p>\n\n<p>Hva&eth;a virkni myndir &thorn;&uacute; nota til a&eth; &uacute;tf&aelig;ra a&eth;ger&eth;ina Stack::push()?</p>\n", 
          "choices": [
            {
              "text": "headInsert()", 
              "selected": false, 
              "id": "051e2082-7f38-4d9c-98ac-4ce1f89d6b7e"
            }, 
            {
              "text": "tailInsert()", 
              "selected": false, 
              "id": "8ca1ce54-d836-4495-b934-e9cf3be0db33"
            }, 
            {
              "text": "headRemove()", 
              "selected": false, 
              "id": "540dbb3b-254c-462a-9193-2692b85286fa"
            }
          ], 
          "label": "", 
          "type": "single_choice", 
          "id": "2c23d8f0-98c5-4061-aa2e-75a3930e13ea"
        }, 
        {
          "weight": "3", 
          "text": "<p>Which functionality would you use to implement the operation Stack::pop()?</p>\n\n<p>Hva&eth;a virkni myndir &thorn;&uacute; nota til a&eth; &uacute;tf&aelig;ra a&eth;ger&eth;ina Stack::pop()?</p>\n", 
          "choices": [
            {
              "text": "headInsert()", 
              "selected": false, 
              "id": "41743040-c7c6-490f-b50c-9e14b0e12899"
            }, 
            {
              "text": "tailInsert()", 
              "selected": false, 
              "id": "b818bf77-2cca-43d8-982a-9e122e350f1e"
            }, 
            {
              "text": "headRemove()", 
              "selected": false, 
              "id": "5ce6f0f2-3f16-4d5c-aec2-8faaa2a186cb"
            }
          ], 
          "label": "", 
          "type": "single_choice", 
          "id": "6551932d-bcaa-41c0-97fa-3090e4e5faf0"
        }
      ], 
      "name": "Stack and Queue"
    }, 
    {
      "text": "<p>Choose the only answer for a free point</p>\n", 
      "id": "8195bf5c-55ed-42f8-bcf4-5151ecfa43dd", 
      "questions": [
        {
          "weight": 1, 
          "text": "<p>Choose</p>\n", 
          "choices": [
            {
              "text": "This is the correct answer", 
              "selected": false, 
              "id": "bf14187f-5466-4806-906b-d0091f510ae4"
            }
          ], 
          "label": "", 
          "type": "single_choice", 
          "id": "28f36874-4309-4435-bc09-3d472fb9d476"
        }
      ], 
      "name": "Free point"
    }
  ], 
  "exam_name": "Gagnaskipan vor 2018 - Hlutapr\u00f3f 1", 
  "text": "<p>Pr&oacute;fi&eth; skiptist upp &iacute; fj&oacute;ra hluta, krossaspurningar og &thorn;rj&uacute; forritunarverkefni.<br />\nHver hlutanna fj&ouml;gurra gildir jafnt, 25% af einkunn &iacute; pr&oacute;finu.</p>\n"
}