{
  "course": "T-201-GSKI, Gagnaskipan, 2018-1", 
  "parts": [
    {
      "text": "<p>Sko&eth;i&eth; Tv&iacute;undartr&eacute;&eth; sem s&yacute;nt er &iacute; myndinni <strong>BinaryTree.png</strong> sem finna m&aacute;&nbsp;&iacute; m&ouml;ppunni &quot;Exam&quot; &aacute; skj&aacute;bor&eth;i pr&oacute;ft&ouml;lvunnar.</p>\n", 
      "id": "54561f16-3185-44c5-8a79-1d0da0e337d4", 
      "questions": [
        {
          "weight": "4", 
          "text": "<p>Skrifi&eth; &uacute;t innihald tr&eacute;sins, <strong>preorder</strong></p>\n", 
          "label": "", 
          "answer": "", 
          "type": "short_text", 
          "id": "170395bd-39a0-44be-987a-22bfeb2d19b0"
        }, 
        {
          "weight": "4", 
          "text": "<p>Skrifi&eth; &uacute;t innihald tr&eacute;sins, <strong>inorder</strong></p>\n", 
          "label": "", 
          "answer": "", 
          "type": "short_text", 
          "id": "1f73bc66-9dc4-4b3a-90a6-609097a84009"
        }, 
        {
          "weight": "4", 
          "text": "<p>Skrifi&eth; &uacute;t innihald tr&eacute;sins, <strong>postorder</strong></p>\n", 
          "label": "", 
          "answer": "", 
          "type": "short_text", 
          "id": "2ace68ed-eddb-4f56-838a-a23948d55fb7"
        }
      ], 
      "name": "Binary Tree Traversal"
    }, 
    {
      "text": "<p>&Iacute; eftirfarandi spurningum &aacute; a&eth; velja gagnagrind til a&eth; leysa &aacute;kve&eth;i&eth; verkefni. &nbsp;&Iacute; hverju tilfelli er ein gagnagrind best sni&eth;in a&eth; verkefninu sem &thorn;arf a&eth; leysa. &nbsp;&THORN;v&iacute; er einingis eitt r&eacute;tt svar &iacute; hverju tilfelli.</p>\n", 
      "id": "ecc19c03-2fab-4a51-b86e-7927ed38d459", 
      "questions": [
        {
          "weight": "5", 
          "text": "<p>Forrita &thorn;arf <em><strong>undo</strong></em>&nbsp;virkni.</p>\n\n<p>&Iacute; hvert sinn sem <em>a&eth;ger&eth;</em> er framkv&aelig;md er h&uacute;n geymd, svo h&aelig;gt s&eacute; a&eth; finna hana og <em>fjarl&aelig;gja &aacute;hrif hennar</em>.<br />\n&THORN;egar kalla&eth; er &aacute; <em><strong>undo</strong></em> er seinasta <em>a&eth;ger&eth;</em> s&oacute;tt og &aacute;hrif hennar fjarl&aelig;g&eth;. &nbsp;N&aelig;st &thorn;egar kalla&eth; er &aacute; <em><strong>undo</strong></em> er <em>a&eth;ger&eth;in</em> &thorn;ar &aacute; undan s&oacute;tt, og svo koll af kolli.</p>\n\n<p>Hva&eth;a <em>gagnagrind</em>&nbsp;velur&eth;u til a&eth;&nbsp;geyma <em>a&eth;ger&eth;irnar</em>?</p>\n", 
          "choices": [
            {
              "text": "vector", 
              "selected": false, 
              "id": "f3adac3c-d220-43d9-b512-3fd6be309c7b"
            }, 
            {
              "text": "queue", 
              "selected": false, 
              "id": "de80b3a5-e3ba-454a-850e-6a0e811d0652"
            }, 
            {
              "text": "priority_queue", 
              "selected": false, 
              "id": "396883bf-a250-4dfe-a225-0fe22d3b3afb"
            }, 
            {
              "text": "stack", 
              "selected": false, 
              "id": "f99c9c09-5aa2-4931-9aa6-ca4fa052e764"
            }, 
            {
              "text": "set", 
              "selected": false, 
              "id": "14d39c35-d63c-4241-a2e3-48e0db405789"
            }, 
            {
              "text": "map", 
              "selected": false, 
              "id": "530d8054-3f7c-444c-9dcc-cdd25fb34b52"
            }, 
            {
              "text": "unordered_map", 
              "selected": false, 
              "id": "a76a946d-f830-408b-94dd-0c747adcee87"
            }
          ], 
          "label": "", 
          "type": "single_choice", 
          "id": "a4d8862d-cc69-4767-a69e-323cbe122e3a"
        }, 
        {
          "weight": "5", 
          "text": "<p>Forrit heldur utan um <em>f&aelig;rslur</em> sem slegnar eru inn. &nbsp;Hver <em>f&aelig;rsla</em> hefur <em>einkennist&ouml;lu</em>.<br />\nSkj&aacute;myndir forritsins birta &thorn;essar <em>f&aelig;rslur</em> &aacute; mismunandi h&aacute;tt, sumar <em>lista</em> yfir &thorn;&aelig;r en a&eth;rar velja <em>staka</em> <em>f&aelig;rslu</em> og birta n&aacute;kv&aelig;mari uppl&yacute;singar. &nbsp;H&aelig;gt er a&eth; leita a&eth; f&aelig;rslum eftir einkennist&ouml;lunni.<br />\n&THORN;&aelig;r sem birta <em>lista</em> (allar <em>f&aelig;rslurnar</em> e&eth;a hluta af &thorn;eim)&nbsp;birta &thorn;&aelig;r ra&eth;a&eth;ar eftir <em>einkennist&ouml;lunni</em>.</p>\n\n<p>Hva&eth;a <em>gagnagrind</em> velur&eth;u til a&eth; geyma <em>f&aelig;rslurnar</em>?</p>\n", 
          "choices": [
            {
              "text": "vector", 
              "selected": false, 
              "id": "2d6fe69e-b80d-4483-851e-80eb977992ac"
            }, 
            {
              "text": "queue", 
              "selected": false, 
              "id": "af3a47e0-5ede-4dce-97f1-9f35ba974b29"
            }, 
            {
              "text": "priority_queue", 
              "selected": false, 
              "id": "a25b6477-2142-4910-b00a-f2b76ed35d7f"
            }, 
            {
              "text": "stack", 
              "selected": false, 
              "id": "6f38d556-7ee6-4d5d-b7a5-a7edc9715106"
            }, 
            {
              "text": "set", 
              "selected": false, 
              "id": "4df3259f-e4d7-4147-bdb5-767c430ef8b7"
            }, 
            {
              "text": "map", 
              "selected": false, 
              "id": "7c4cb266-0bf5-4889-9141-f3fc9fce1c4a"
            }, 
            {
              "text": "unordered_map", 
              "selected": false, 
              "id": "954e690f-66e7-485b-bd25-3ed4f58f2043"
            }
          ], 
          "label": "", 
          "type": "single_choice", 
          "id": "30bf6481-c4e4-4eaf-bb83-8c268019493c"
        }, 
        {
          "weight": "3", 
          "text": "<p>&THORN;&uacute; &aacute;tt a&eth; forrita kerfi sem velur hva&eth;a s&iacute;mkerfisl&iacute;nu <em>skal svara n&aelig;st</em>.<br />\nS&iacute;mt&ouml;lunum skal svara&eth;<em> &iacute; &thorn;eirri r&ouml;&eth; sem &thorn;au berast</em>. &nbsp;&THORN;&oacute; skal svara s&iacute;mt&ouml;lum&nbsp;fr&aacute; VIP vi&eth;skiptavinum &aacute;&eth;ur en s&iacute;mt&ouml;lum fr&aacute; &ouml;&eth;rum er svara&eth;, s&iacute;mt&ouml;lum erlendis fr&aacute; er svara&eth; &aacute; undan innlendum s&iacute;mt&ouml;lum og s&iacute;mt&ouml;lum fr&aacute; skrifstofu forstj&oacute;ra er alltaf svara&eth; um lei&eth; og l&iacute;na losnar.</p>\n\n<p>Hva&eth;a <em>gagnagrind</em> notar&eth;u til a&eth; <em>halda utan um s&iacute;mt&ouml;lin</em> sem b&iacute;&eth;a &iacute; kerfinu?</p>\n", 
          "choices": [
            {
              "text": "vector", 
              "selected": false, 
              "id": "9fe1b49c-e331-418f-8ae0-1500ef4f9dde"
            }, 
            {
              "text": "queue", 
              "selected": false, 
              "id": "9422dd33-4b44-4e2c-b1d7-7e123e164bb4"
            }, 
            {
              "text": "priority_queue", 
              "selected": false, 
              "id": "58422c52-c62b-429c-b09b-bb88013e3944"
            }, 
            {
              "text": "stack", 
              "selected": false, 
              "id": "4f517b3f-ae28-4844-bc53-06d6f157eb95"
            }, 
            {
              "text": "set", 
              "selected": false, 
              "id": "b37a27b4-3432-448a-8579-798526e6a6dd"
            }, 
            {
              "text": "map", 
              "selected": false, 
              "id": "0bac8a14-4f03-4071-bb43-a2863295ed00"
            }, 
            {
              "text": "unordered_map", 
              "selected": false, 
              "id": "befe9f0c-ea04-48b3-9139-d7695f5f74dc"
            }
          ], 
          "label": "", 
          "type": "single_choice", 
          "id": "57256f4c-7aaf-43e6-8911-5e80ec40bd1c"
        }
      ], 
      "name": "Val gagnagrinda (STL)"
    }
  ], 
  "exam_name": "Gagnaskipan vor 2018 - Hlutapr\u00f3f 3", 
  "text": "<p>Pr&oacute;fi&eth; skiptist upp &iacute; fj&oacute;ra hluta, &thorn;rj&uacute; forritunarverkefni og spurningar.<br />\nHver hlutanna fj&ouml;gurra gildir jafnt, 25% af einkunn &iacute; pr&oacute;finu.</p>\n"
}