{
  "course": "T-201-GSKI, Gagnaskipan, 2018-1", 
  "parts": [
    {
      "text": "<p>Sko&eth;i&eth; forritsb&uacute;tana og merki&eth; vi&eth; hva&eth;a a&eth;ger&eth; &thorn;eir framkv&aelig;ma e&eth;a hva&eth;a villu &thorn;eir valda.<br />\nGeri&eth; &iacute; &ouml;llum tilfellum r&aacute;&eth; fyrir a&eth; 10 e&eth;a fleiri hn&uacute;tar s&eacute;u &iacute; listanum, svo ekki &thorn;arf a&eth; gera r&aacute;&eth; fyrir s&eacute;rtilfellum me&eth; t&oacute;ma e&eth;a stutta lista.</p>\n", 
      "id": "a95bb60b-8313-4838-87a1-5e110ea5fee6", 
      "questions": [
        {
          "weight": "5", 
          "text": "<p>Eftirfarandi a&eth;ger&eth; er ger&eth; &aacute; tv&iacute;tengdum lista sem notar sentinel n&oacute;&eth;ur, &thorn;.e. head og tail eru ekki eiginlegar gagnan&oacute;&eth;ur heldur benda &aacute; fyrstu og s&iacute;&eth;ustu gagnan&oacute;&eth;u.<br />\n<br />\n<tt>head-&gt;next-&gt;prev = tail-&gt;prev;<br />\ntail-&gt;prev-&gt;next = head-&gt;next;<br />\nhead-&gt;next-&gt;prev = tail-&gt;prev;<br />\nhead-&gt;next-&gt;next = tail;<br />\ntail-&gt;prev = head-&gt;next;<br />\nhead-&gt;next = head-&gt;next-&gt;next;</tt></p>\n\n<p>&nbsp;</p>\n\n<p>H&uacute;n:</p>\n", 
          "choices": [
            {
              "text": "V\u00edxlar fremsta og aftasta gagnahn\u00fat", 
              "selected": false, 
              "id": "d033f965-3146-499c-bf32-45ce8506ae89"
            }, 
            {
              "text": "Flytur fremsta gagnahn\u00fatinn \u00ed listanum aftast \u00ed listann", 
              "selected": false, 
              "id": "550e4fd5-2488-4825-ba53-f2600b039bac"
            }, 
            {
              "text": "Tengir listann \u00ed hring", 
              "selected": false, 
              "id": "fde73846-dde3-4f9f-ab11-2cd97fb77e37"
            }, 
            {
              "text": "Br\u00fdtur forriti\u00f0 vegna \u00feess a\u00f0 v\u00edsa\u00f0 er \u00fat fyrir minni", 
              "selected": false, 
              "id": "307cbfad-cb55-4f4a-a6b2-8985643b5142"
            }, 
            {
              "text": "Skemmir listann vegna \u00feess samkv\u00e6mni tapast \u00ed tengingum e\u00f0a hn\u00fatar t\u00fdnast", 
              "selected": false, 
              "id": "d460164e-6c71-4b7e-971d-9f5913d60db4"
            }
          ], 
          "label": "", 
          "type": "single_choice", 
          "id": "9698d86f-e343-40f2-827c-0402c0a73d79"
        }, 
        {
          "weight": "5", 
          "text": "<p>Eftirfarandi a&eth;ger&eth; er ger&eth; &aacute; tv&iacute;tengdum lista sem notar sentinel n&oacute;&eth;ur, &thorn;.e. head og tail eru ekki eiginlegar gagnan&oacute;&eth;ur heldur benda &aacute; fyrstu og s&iacute;&eth;ustu gagnan&oacute;&eth;u.<br />\n<br />\n<tt>tail = tail-&gt;prev;<br />\nhead = head-&gt;next;<br />\nhead-&gt;prev-&gt;next = tail;<br />\ntail-&gt;next-&gt;prev = head;<br />\nhead-&gt;next-&gt;prev = tail;<br />\ntail-&gt;prev-&gt;next = head;<br />\ntail = tail-&gt;next;<br />\nhead = head-&gt;prev;<br />\ntail-&gt;prev-&gt;prev = head-next-&gt;prev;<br />\nhead-&gt;next-&gt;next = tail-&gt;prev-&gt;next;<br />\ntail-&gt;prev-&gt;next = tail;<br />\nhead-&gt;next-&gt;prev = head;</tt><br />\n<br />\nH&uacute;n:</p>\n", 
          "choices": [
            {
              "text": "V\u00edxlar fremsta og aftasta gagnahn\u00fat", 
              "selected": false, 
              "id": "95fee061-2c79-400d-bfdf-dc701746383b"
            }, 
            {
              "text": "Flytur fremsta gagnahn\u00fatinn \u00ed listanum aftast \u00ed listann", 
              "selected": false, 
              "id": "3aa37647-81cc-462c-91f2-8c209735a8c5"
            }, 
            {
              "text": "Tengir listann \u00ed hring", 
              "selected": false, 
              "id": "c849f77a-e877-4180-b133-ec6503272693"
            }, 
            {
              "text": "Br\u00fdtur forriti\u00f0 vegna \u00feess a\u00f0 v\u00edsa\u00f0 er \u00fat fyrir minni", 
              "selected": false, 
              "id": "2df7601e-ff62-4480-a9b1-afc468985adb"
            }, 
            {
              "text": "Skemmir listann vegna \u00feess samkv\u00e6mni tapast \u00ed tengingum e\u00f0a hn\u00fatar t\u00fdnast", 
              "selected": false, 
              "id": "44c3e75c-7620-458e-b6e4-c4308b943a79"
            }
          ], 
          "label": "", 
          "type": "single_choice", 
          "id": "7f30e1db-5ab4-4ad3-ae44-99f59eb8b666"
        }
      ], 
      "name": "Tengingar hn\u00fata \u00ed listum"
    }, 
    {
      "text": "<p><strong>Sko&eth;i&eth; eftirfarandi forritstexta:</strong></p>\n\n<p><tt>class House {<br />\npublic:<br />\n&nbsp; &nbsp; void makeMe() {<br />\n&nbsp; &nbsp; &nbsp; &nbsp; whatAmI = &quot;house&quot;;<br />\n&nbsp; &nbsp; }<br />\n&nbsp; &nbsp; void writeMe() {<br />\n&nbsp; &nbsp; &nbsp; &nbsp; cout &lt;&lt; &quot;I am a &quot; &lt;&lt; whatAmI;<br />\n&nbsp; &nbsp; }</tt></p>\n\n<p><tt>protected:<br />\n&nbsp; &nbsp; string whatAmI;<br />\n};</tt></p>\n\n<p><tt>class Castle : public House {<br />\npublic:<br />\n&nbsp; &nbsp; void makeMe() {<br />\n&nbsp; &nbsp; &nbsp; &nbsp; House::makeMe();<br />\n&nbsp; &nbsp; &nbsp; &nbsp; whatAmI = &quot;castle&quot;;<br />\n&nbsp; &nbsp; }<br />\n&nbsp; &nbsp; void writeMe() {<br />\n&nbsp; &nbsp; &nbsp; &nbsp; House::writeMe();<br />\n&nbsp; &nbsp; &nbsp; &nbsp; cout &lt;&lt; &quot;, I am also a &quot; &lt;&lt; whatAmI;<br />\n&nbsp; &nbsp; }<br />\n};</tt></p>\n", 
      "id": "9a3275cd-509a-4305-97a3-7bdd714e87d1", 
      "questions": [
        {
          "weight": "5", 
          "text": "<p><strong>Hvert er &uacute;ttaki&eth; &uacute;r eftirfarandi forriti:</strong></p>\n\n<p><tt>int main() {<br />\n&nbsp; &nbsp; Castle castle;<br />\n&nbsp; &nbsp; castle.makeMe();<br />\n&nbsp; &nbsp; castle.writeMe();<br />\n}</tt></p>\n", 
          "choices": [
            {
              "text": "I am a castle, I am also a house", 
              "selected": false, 
              "id": "ad7d6a03-072f-453b-93f2-1c91ce972cfe"
            }, 
            {
              "text": "I am a house, I am also a castle", 
              "selected": false, 
              "id": "a863904a-9054-4083-adc9-ca8dd4e1ae9f"
            }, 
            {
              "text": "I am a castle, I am also a castle", 
              "selected": false, 
              "id": "48c44db9-7d64-4955-a1c0-5b0d0d36ded2"
            }, 
            {
              "text": "I am a house, I am also a house", 
              "selected": false, 
              "id": "d4ffe40f-c7de-4799-93a3-016f6e57e131"
            }
          ], 
          "label": "", 
          "type": "single_choice", 
          "id": "495e3689-7bd2-43ed-b0c0-66f8ad9fa1bb"
        }
      ], 
      "name": "Erf\u00f0ir (inheritance)"
    }, 
    {
      "text": "<p>Sko&eth;i&eth; eftirfarandi klasa:</p>\n\n<p><tt>class Thing {</tt></p>\n\n<p><tt>&nbsp; &nbsp; void doSomething();</tt></p>\n\n<p><tt>}</tt></p>\n", 
      "id": "338432dc-1693-4839-9db5-6db4f8163a07", 
      "questions": [
        {
          "weight": "5", 
          "text": "<p>Hvernig l&iacute;tur skilgreiningin &aacute; fallinu doSomething() &uacute;t ef &thorn;a&eth; &aacute; a&eth; vera pure virtual (abstract) fall?</p>\n", 
          "choices": [
            {
              "text": "virtual doSomething();", 
              "selected": false, 
              "id": "3eb2a246-3f38-40f0-b37c-4212959e7726"
            }, 
            {
              "text": "virtual doSomething() = 0;", 
              "selected": false, 
              "id": "8ba60dcb-37d5-4776-a37f-7f351e3cd532"
            }, 
            {
              "text": "virtual void doSomething();", 
              "selected": false, 
              "id": "f3223500-88f6-47ed-b824-9e4fbf2a23b7"
            }, 
            {
              "text": "virtual void doSomething() = 0;", 
              "selected": false, 
              "id": "95dd1abe-a6a6-4d95-81b3-829d2b777319"
            }, 
            {
              "text": "void doSomething() = 0;", 
              "selected": false, 
              "id": "f6cf1754-3cbf-4bc9-9817-eadfa56c8965"
            }, 
            {
              "text": "virtual Thing doSomething();", 
              "selected": false, 
              "id": "55bef960-8f29-4d07-bc7a-19e0ba2b8554"
            }, 
            {
              "text": "virtual Thing doSomething() = 0;", 
              "selected": false, 
              "id": "023c37d1-c7d9-4925-99d7-b7a6ad52854f"
            }, 
            {
              "text": "void Thing::doSomething();", 
              "selected": false, 
              "id": "33b42392-0467-4d1e-89ba-6fbf6d798400"
            }, 
            {
              "text": "virtual void Thing::doSomething() = 0;", 
              "selected": false, 
              "id": "6e99e8d9-f2a3-4a06-ba4b-00c993c33116"
            }, 
            {
              "text": "virtual Thing::doSomething() = 0;", 
              "selected": false, 
              "id": "6ebb55ce-195e-4327-a698-e0572d4c8f75"
            }, 
            {
              "text": "virtual void Thing::doSomething();", 
              "selected": false, 
              "id": "bd2bd155-762b-49df-8d71-2ea4fab789e6"
            }, 
            {
              "text": "virtual void Thing::doSomething() = 0;", 
              "selected": false, 
              "id": "0c1cd241-1228-4647-8ce5-5dc9ecfc83ef"
            }
          ], 
          "label": "", 
          "type": "single_choice", 
          "id": "703f6638-28f9-480b-a13a-fb644445a9e1"
        }, 
        {
          "weight": "5", 
          "text": "<p>Hva&eth;a &aacute;hrif hefur &thorn;essi breyting&nbsp;&aacute; notkun fallsins doSomething() og klasans Thing?</p>\n", 
          "choices": [
            {
              "text": "Falli\u00f0 doSomething() ver\u00f0ur alltaf \u00fatf\u00e6rt \u00ed klasa sem erfir klasann Thing", 
              "selected": false, 
              "id": "75f3ca4f-77fc-4696-b05d-7441311f494c"
            }, 
            {
              "text": "Ekki er leyfilegt a\u00f0 erfa klasann Thing", 
              "selected": false, 
              "id": "5f8411c9-102e-43ce-b5c4-32626ecce163"
            }, 
            {
              "text": "Ekki er h\u00e6gt a\u00f0 keyra forriti\u00f0 nema a\u00f0 einhver klasi erfi klasann Thing", 
              "selected": false, 
              "id": "3534354b-f50f-450f-a755-8f2410c82e41"
            }, 
            {
              "text": "Ekki er h\u00e6gt a\u00f0 sm\u00ed\u00f0a tilvik af klasanum Thing", 
              "selected": false, 
              "id": "65c61d9e-26a8-45a2-b3e9-442e43e7056f"
            }, 
            {
              "text": "Klasi m\u00e1 ekki erfa klasann thing \u00e1n \u00feess a\u00f0 \u00fatf\u00e6ra sj\u00e1lfur falli\u00f0 doSomething()", 
              "selected": false, 
              "id": "8ed202f2-9141-499b-8e07-f8d8a9db5dcd"
            }
          ], 
          "label": "", 
          "type": "single_choice", 
          "id": "aa2462e5-d58c-4364-a524-6d5d15629f40"
        }
      ], 
      "name": "Pure virtual f\u00f6ll og abstract klasar"
    }
  ], 
  "exam_name": "Gagnaskipan vor 2018 - Hlutapr\u00f3f 2", 
  "text": "<p>Pr&oacute;fi&eth; skiptist upp &iacute; fj&oacute;ra hluta, krossaspurningar og &thorn;rj&uacute; forritunarverkefni.<br />\nHver hlutanna fj&ouml;gurra gildir jafnt, 25% af einkunn &iacute; pr&oacute;finu.</p>\n"
}